{
  "Jilin": {
    "Linear": {
      "mean": 12.497587337745921,
      "std": 50.945005690055986,
      "median": 11.334764366058158,
      "skewness": 0.08155274007567534,
      "kurtosis": 0.4660470031882342,
      "jarque_bera_stat": 50.79233475752847,
      "jarque_bera_pvalue": 9.345114909226149e-12,
      "shapiro_stat": 0.9976838227172654,
      "shapiro_pvalue": 7.205560305207172e-07,
      "normaltest_stat": 36.43330384376729,
      "normaltest_pvalue": 1.2263334984152157e-08,
      "heteroscedasticity_corr": 0.009741482293919666,
      "outlier_count": 73,
      "outlier_percentage": 1.46
    },
    "KNN": {
      "mean": 1.8237420690903572,
      "std": 22.21406962300767,
      "median": 2.006285428251074,
      "skewness": -0.021885174821716716,
      "kurtosis": 0.05488449583543975,
      "jarque_bera_stat": 1.0266982064622536,
      "jarque_bera_pvalue": 0.5984878210995762,
      "shapiro_stat": 0.9996550201999481,
      "shapiro_pvalue": 0.5702853195296531,
      "normaltest_stat": 1.0801937952382672,
      "normaltest_pvalue": 0.5826917881914468,
      "heteroscedasticity_corr": 0.0014070164017116384,
      "outlier_count": 43,
      "outlier_percentage": 0.86
    },
    "RandomForest": {
      "mean": 0.001615160483538618,
      "std": 0.6314439751810103,
      "median": 0.008416160985919317,
      "skewness": -0.051744503644637,
      "kurtosis": 0.19867367924589852,
      "jarque_bera_stat": 10.454417803087827,
      "jarque_bera_pvalue": 0.005368488390879167,
      "shapiro_stat": 0.9992348305999903,
      "shapiro_pvalue": 0.027867549480842267,
      "normaltest_stat": 9.36640262905508,
      "normaltest_pvalue": 0.009249356342000326,
      "heteroscedasticity_corr": 0.0044719260664852324,
      "outlier_count": 59,
      "outlier_percentage": 1.18
    },
    "XGBoost": {
      "mean": 0.798153281621206,
      "std": 2.471348985030046,
      "median": 0.8160060806876572,
      "skewness": -0.02433670182255705,
      "kurtosis": 0.07094218757499782,
      "jarque_bera_stat": 1.5420612917346628,
      "jarque_bera_pvalue": 0.46253611163478625,
      "shapiro_stat": 0.9996325803557184,
      "shapiro_pvalue": 0.5046865738737522,
      "normaltest_stat": 1.582897415490757,
      "normaltest_pvalue": 0.45318778283664907,
      "heteroscedasticity_corr": 0.005291609386127454,
      "outlier_count": 44,
      "outlier_percentage": 0.88
    },
    "CatBoost": {
      "mean": 0.004918652673446502,
      "std": 1.330191005092584,
      "median": 0.017796616655725402,
      "skewness": -0.036950065605505164,
      "kurtosis": 0.10846845080598433,
      "jarque_bera_stat": 3.588882127761414,
      "jarque_bera_pvalue": 0.16622033293509553,
      "shapiro_stat": 0.9995398597656993,
      "shapiro_pvalue": 0.2813984686440427,
      "normaltest_stat": 3.5149606842799894,
      "normaltest_pvalue": 0.17247890460395643,
      "heteroscedasticity_corr": 0.0026531813298392944,
      "outlier_count": 49,
      "outlier_percentage": 0.98
    },
    "Transformer": {
      "mean": 7.557140412092267,
      "std": 158.63334001502258,
      "median": 8.578602870190455,
      "skewness": -0.015279890324455227,
      "kurtosis": 1.671898274504466,
      "jarque_bera_stat": 582.5370292675667,
      "jarque_bera_pvalue": 3.1892704017747224e-127,
      "shapiro_stat": 0.9879826260837524,
      "shapiro_pvalue": 3.1440790361242604e-20,
      "normaltest_stat": 190.8670734125537,
      "normaltest_pvalue": 3.578834538384433e-42,
      "heteroscedasticity_corr": 0.002255227206700074,
      "outlier_count": 103,
      "outlier_percentage": 2.06
    }
  },
  "Yantai": {
    "Linear": {
      "mean": 12.496904475158944,
      "std": 65.16427865566193,
      "median": 11.591014035425804,
      "skewness": 0.04566724088934877,
      "kurtosis": 0.48288262953604555,
      "jarque_bera_stat": 50.31617113946439,
      "jarque_bera_pvalue": 1.1857203179977823e-11,
      "shapiro_stat": 0.9977550123108848,
      "shapiro_pvalue": 1.0828103980259944e-06,
      "normaltest_stat": 34.46733976312545,
      "normaltest_pvalue": 3.2772703396396636e-08,
      "heteroscedasticity_corr": -0.021388315984455446,
      "outlier_count": 79,
      "outlier_percentage": 1.58
    },
    "KNN": {
      "mean": 1.8069269850237564,
      "std": 18.725381891877493,
      "median": 1.9545706948349708,
      "skewness": -0.021798943845903154,
      "kurtosis": 0.05477401454889819,
      "jarque_bera_stat": 1.0210351002063054,
      "jarque_bera_pvalue": 0.6001848726734416,
      "shapiro_stat": 0.99965506960729,
      "shapiro_pvalue": 0.5704329090417888,
      "normaltest_stat": 1.074550919104956,
      "normaltest_pvalue": 0.584338138429245,
      "heteroscedasticity_corr": -0.018859257371260367,
      "outlier_count": 43,
      "outlier_percentage": 0.86
    },
    "RandomForest": {
      "mean": 0.0005970201572736624,
      "std": 0.23340391571873179,
      "median": 0.003110909291469104,
      "skewness": -0.05174450364463702,
      "kurtosis": 0.19867367924589852,
      "jarque_bera_stat": 10.454417803087829,
      "jarque_bera_pvalue": 0.005368488390879164,
      "shapiro_stat": 0.9992348305999903,
      "shapiro_pvalue": 0.027867549480842132,
      "normaltest_stat": 9.366402629055063,
      "normaltest_pvalue": 0.00924935634200041,
      "heteroscedasticity_corr": -0.012583594385343483,
      "outlier_count": 59,
      "outlier_percentage": 1.18
    },
    "XGBoost": {
      "mean": 0.795070774061493,
      "std": 1.7561534877621936,
      "median": 0.8069173953637703,
      "skewness": -0.02243883203018857,
      "kurtosis": 0.06923834317559319,
      "jarque_bera_stat": 1.4183235202535995,
      "jarque_bera_pvalue": 0.4920564860049118,
      "shapiro_stat": 0.9996370205368864,
      "shapiro_pvalue": 0.5174081985145881,
      "normaltest_stat": 1.4612359267575277,
      "normaltest_pvalue": 0.48161127997887687,
      "heteroscedasticity_corr": -0.031971435782714615,
      "outlier_count": 44,
      "outlier_percentage": 0.88
    },
    "CatBoost": {
      "mean": 0.004709661446747106,
      "std": 1.2736718181616604,
      "median": 0.017040446827744256,
      "skewness": -0.03695006560550527,
      "kurtosis": 0.10846845080598566,
      "jarque_bera_stat": 3.5888821277614804,
      "jarque_bera_pvalue": 0.16622033293509006,
      "shapiro_stat": 0.9995398597656985,
      "shapiro_pvalue": 0.28139846864259027,
      "normaltest_stat": 3.514960684280041,
      "normaltest_pvalue": 0.17247890460395196,
      "heteroscedasticity_corr": -0.013447292046447843,
      "outlier_count": 49,
      "outlier_percentage": 0.98
    },
    "Transformer": {
      "mean": 6.601636682139782,
      "std": 20.682940377980742,
      "median": 6.61951349155821,
      "skewness": -0.001335442094359221,
      "kurtosis": 1.6642133832160537,
      "jarque_bera_stat": 577.0027746870362,
      "jarque_bera_pvalue": 5.075039832835738e-126,
      "shapiro_stat": 0.9880952990339269,
      "shapiro_pvalue": 3.950164909779029e-20,
      "normaltest_stat": 189.63051944201,
      "normaltest_pvalue": 6.64134288491901e-42,
      "heteroscedasticity_corr": -0.012036032469511057,
      "outlier_count": 106,
      "outlier_percentage": 2.12
    }
  }
}